sentence,label
bu gün çox yaxşı hiss edirəm,positive
həyat çox yorucudur,negative
həyat çətindir,negative
bu gün çox pis keçdi,negative
yaxşı olacaq,positive
pis olacaq,negative
yoruldum,negative
bu məhsulu sevmədim,negative
pis olmadı,positive
dadlı deyildi,negative
təbriklər dostlar,positive
Bu gün əla gün idi,positive
əla keçdi hər şey,positive
bu kitabı çox bəyəndim,positive
 bu kitabı heç bəyənmədim,negative
yaxşı işlər görmüsünüz,positive
bunu bacara bilərəm,positive
kitabın hekayəsi sıxıcı idi,negative
anam çox dadlı yemək bişirib,positive
gözəl kitablar almışam amma vaxtım olmuyacaq oxumağa,negative
o özündən çox razıdır,negative
dadsız yeməklər verirlər,negative
möhtəşəm fikirləri var idi,positive
evləri çox təmiz idi,positive
qırmızı üzlü kitabları sevirəm,positive
yeməklər yanmışdı,negative
o çox səliqəlidir,positive
diqqətli davranmaq lazımdır,positive
o çox kobud insandır,negative
çirkli meyvələri yudum,negative
yaşıl alma turşdur,negative
qiymətləri əladır,positive
çox pinti qızdır,negative
çox tənbəl oğlandır,negative
böyük qulaqları var,negative
saçarı çox uzundur,positive
qəzəbi baxışarı var,negative
ağ paltarlar  tez çirkənir,negative
anam gözəl paltarlar alıb amma mənə balacadır,negative
isti  havada saçlarım tez qurudu,positive
pişik soyuqdan donmuşdu,negative
saçlarını qısa kəsdirmişdi,positive
dişləri ağappaq idi,positive
telefonun üstü cızılmışdı,negative
bu gün maraqsız idi,negative
dərslər çətindir,negative
işıq çox parlaqdır,negative
hava qaranlıq idi,negative
gözlərim eynəksiz yaxşı görmür,negative
güclü yağış yağır,negative
polad çox möhkəmdir,positive
mahnının səsi çox gurdur,negative
Türkiyədə əyləncə zamanı bomba partladıldı,negative
Türkiyə dünyanın ən güclü müsəlman ölkəsidir,positive
"mən ""Gmail"" işlədirəm",positive
Bunu oxuyan özünü ağıllı hiss edir,negative
mən zoram,positive
o zordu,positive
bomba söhbətdi,positive
sən nipravsan,negative
o çox panyatkasızdı,negative
kəsildik,negative
qaqan partdatdı,positive
maman səni döyəcək,negative
gözəlləşmisən ,positive
tutmusan deyəsən,positive
dərslərdən bezdim,negative
imtahanlar məni sıxır,negative
bütün müəllimlər adamı dəli edir,negative
Səbinə çox sərt adamdır,negative
o məni döymək istəyir,negative
Samir müəllim həmişə qayıb yazır,negative
bizim dekan çox bambılı adam idi,negative
Fuad müəllim bizi çox istəyir,positive
Fərid müəllim tələbəni kəsməyi sevir,negative
IT maraqlı sahədir,positive
Başım çox ağrıyır,negative
Texnologiya insan həyatını ələ keçirir,negative
düzgün dost tapmaq çox çətindir,negative
qız oğlana xəyanət etdi,negative
oğlan qızı eşşək kimi çırpdı,negative
qız qaynanasına bozardı,negative
indiki uşaqlar düzgün böyüdülmür,negative
qaqam zordu,positive
düşük zarafatlar etmə,negative
get özünə hörmət elə,negative
20 yaşı var 20 qram ağılı yoxdu,negative
"Həyatda itirdiklərn ilə yox,qazandıqların ilə yaşamalısan",positive
"Abır harda, çörək orda",positive
"Acın qarnı doyar, gözü doymaz",negative
Аcın nəyi vаr gicə vеrə,negative
"Ad adamı bəzəməz, adam adı bəzəyər",positive
Az olsun saz olsun,positive
siyasətə qarışmaq çətin məsələdir,negative
"dərslər səni öyrətmir, yönləndirir",positive
"su kiçiyin, yol böyüyündür",positive
qadına əl qalxmaz,positive
Bakı sürətlə çiçəklənir,negative
uşaqlar həyətdə oyun oynayır,positive
ana uşağını əzizlədi,positive
ata oğluna xərclik verdi,positive
sən paltaryuyan deyilsən,positive
internet çox zəifdir,negative
işıqlar tez tez sönür,negative
ev çox soyuqdur,negative
mən çox istiləndim,positive
o mənə hədəqorxu gəldi,negative
güclü gücünü zəifin üstə sınadı,negative
bugün günəş çox gözəl parıldadı,positive
Zəhmət batmaz,positive
Zərbə həmişə ağrıyan yerə dəyər,negative
onun təzyiqi çox qalxdı,negative
onun gözləri ağrıyır,negative
o tez yatdı,negative
limonlu çay təzyiqi aşağı salır,positive
Zərərin yarısından qayıtmaq da qazancdır,positive
Ocaqdan kül əskik olmaz,positive
Od düşdüyü yeri yandırar,negative
"Oxuduğunu demə, anladığını de",positive
Polis oğrunu tutdu,positive
cinayətkar həps olundu,positive
istintaq heç bir nəticə əldə edə bilmədi,negative
bir ata oğlunu və qızını öldürdü,negative
kişi yoldaşını xəyanət üstündə bıçaqladı,negative
bütün dünya bugün ondan danışır,positive
ata oğlunu bir daha bağışlamadı,negative
dost verdiyi sözü tutdu,positive
imtahan gözləniləndən çox çətin oldu,negative
sinifin ortalaması gözləniləndən çox aşağı oldu,negative
yaxşı oxuyan tələbə kəsildi,negative
pis oxuyan tələbə imtahandan kəsildi,negative
dekanın varlığındansa yoxluğu daha çox yer tutur,negative
mən zor insanam,positive
evi su basmışdı,negative
qız evdən qaçdı,negative
ata qızını diskoya apardı,positive
oğlan özünə qız tutdu,negative
qız istəmədiyi adam ilə evləndi,negative
Xəyalə gözümə dərman tökdü,positive
uşaq iynədən qorxdu,negative
zəmanə çox korlandı,negative
Emin müəllim sevilən müəllimdir,positive
qız oğlandan utandı,positive
oğlanın pulu qurtardı,positive
qız oğlanı qırdı,negative
oğlan qızdan ayrıldı,negative
oğlan qızı başqa adamla gördü,negative
icra başçısı parkları təmir elətdirir,positive
oğlan ilə qız parkda gəzməyə getdi,positive
evin balaca uşağı həmişə dükana göndərilir,negative
uşaq məsləhətləri dinləməyi sevmir,negative
mən qorxulu kinoya baxmağı sevirəm,positive
Ayla maraqlı filmdir,positive
pilləkənlər dik və hündür idi,negative
qızın saçı budağa ilişdi,negative
millətimizdə mədəniyyətsiz insanlar çoxdu,negative
daim üzü gülən insanlar mənim gülümsəmə səbəbim olur,positive
bugün ən yaxın dostumun ad günündür,positive
iphone samsungu döyər,positive
apple uğurlu markadır,positive
"ən sevdiyim maşın brendi ""BMW""-dur",positive
uğur təhsildən asılı deyil insandan asılıdır,positive
bananın kalorisi çoxdur,negative
Türkiyədə terror baş verdi,negative
Rasul Krov bomba aktyordur,positive
oğlanın üstünə şər atdılar,negative
mən on dildə danışa bilirəm,positive
məktəbli universitetə qəbul oldu,positive
abituryent qəbul imtahanından kəsildi,negative
eynəksiz zəif görür,negative
əlləri qabar olmuşdu,negative
Qayıb yazmaq asandır,positive
Trump USA-ın ən zəngin prezidentidir,positive
uşaq ailəsini maşın qəzasında itirdi,negative
müharibənin nəticəsi olaraq yüzlərcə insan vəfat etdi,negative
siyasət qurban tələb edir,negative
əsgərliyə yararsızdır,negative
təhsilin səviyyəsi çox düşükdür,negative
ən önəmlisi yada salmağındır,positive
müəllim edilməsi çox çətin tapşırığı tələbələrə verdi,negative
bu il məhsuldarlıq bol oldu,positive
banklar şəxsi biznesi quran şəxslərə biznes krediti verdi,positive
yeni tikilən binaların dizaynı olduqca maraqlıdır,positive
ağaclar bina tikişi üçün kəsildi,negative
"İkinci dünya müharibəsi çox böyük miqyas alaraq, demək olar ki, bütün dövlətləri əhatə etmişdi.",negative
müharibə on milyonlarla insanın ölümünə səbəb oldu,negative
toyun ses-küyünden qulağı tutulmuşdu,negative
biz statistikanı öyrənməyə başladıq,positive
uşağı yatmırdı deyə döydü,negative
o məzun oldu,positive
məzun olduqdan sonra magistraturaya qəbul oldu,positive
təhsilini bitirdikdən sonra diş həkimi oldu,positive
təkrar biliyin anasıdır,positive
mən filmə evdə baxmağı sevirəm,positive
tənbəl insanlar günlərinin böyük hissəsini uzanaraq keçirirlər,negative
ADA tələbələri günlərinin böyük hissəsini oturaraq keçirirlər,negative
mən tarixdən heçnə bilmirəm,negative
tarix yalanlar ilə dolu hekayədir,negative
gözlə görmədiyinə inanmaq axmaqlıqdır,negative
facebook dünyanın ən böyük sosial şəbəkəsidir,positive
yaltaqlıq axmaqlığın göstəricisidir,negative
burda çoxlu cümlə ola bilərdi,negative
Səbinənin qorxusundan nə gəldi cümlə yazırıq,negative
Səbinə bizim gözümüzü qorxudur,negative
"ağıllı adama oxşasada çox sərtdır, adamı əzə bilər",negative
amma yenədə susuruq,negative
çünki bu da bir siyasət oyunudur,negative
Səbinə bunu gördü,negative
Nuranə Azadın həmişə səhvlərini tutur,negative
öz səhvlərini tutan lazımdı,negative
Nuranənın sərt baxışları var,negative
Nərmin eynək taxırki ağıllı adama oxşasın,negative
universiteti qurtarandan sorna dərzi işlədi,positive
sumqayıta getməyə 20 qəpik axtardı,negative
Xəyalə çox sakit bir insan kimi görsənir,positive
onun sakit biri olması doğru informasiyadır,positive
Azad böyük sözlər verdi,positive
Azad çünki əla oğlandır,positive
Burda super bir cümlə ola bilərdi,positive
Burda məntiqli yazı olardı bilərdi,negative
məntiqli yanaşdı,positive
Azadın kitab oxumağa səbri çatmır,negative
Azad dərsləri söyür,negative
xəyalə daha məntiqli cümlələr yazdı,positive
azad imtahana ötəri hazırlaşdı,negative
heçkəs onu vecinə almadı,negative
həyat qısa dəyməz qıza,negative
Huseyn Əzizoğlu yaxşı viner deyil,negative
Masum Kırmızıgül qırmızı gül deyil,negative
Recep Tayyip Erdoğan bir adamdır,positive
günəş olmasa yerdə həyat dayanar,negative
nənə nəvəsinin qadasını alır,positive
ata oğlunu qudurdur,negative
Dekabr ən soyuq aydır,negative
Azad qış fəslinə nifrət edir,negative
Nərmin bütün günü burda olsa da bir şey yaza bilmir,negative
Azad insanları güvənməyi tərgizdi,negative
Azadın dərslərə görə motivasiyaya ehtiyacı var,negative
Türklər türk dilində danışır,positive
Trump çox bambılı prezidentdir,negative
dünya bu cinayətdən danışır,negative
oğlan qızdan hə cavabı ala bilmir,negative
Yuxum gözümdən tökülür,negative
Qanım ona qaynamadı,negative
gözüm ondan su içmir,negative
romanın heyranedici gözəlliyi var,positive
agac kökündən çıxmışdı,negative
Yuxudan tez durmaq yaxşıdır,positive
Meyvə yeməyin xeyri çoxdur,positive
real madrid güclü komandadır,positive
Bu xana boş idi,negative
Suriyada müharibə dayanmaq bilmir,negative
musiqi ruhun qidasıdır,positive
bəyi oğurladırlar,negative
Ağlayan uşaq bezdiricidir,negative
Burada sizin reklamınız ola bilər,negative
Futbol idmanın şahıdır,positive
Pul əl çirkidir,negative
Dollar yenə qalxdı,negative
Uşaq xeyli əsəbləşdi,negative
Ağacın budaqları qırıldı,negative
Körpə ağlamağa başladı,negative
İnsan nankor məxluqdur,negative
duman maşınların hərəkətini çətinləşdirirdi,negative
Həyat yaşamağa dəyər,positive
Qara rəng daha səviyyəlidir,positive
Hava bir xeyli soyudu,negative
Azad öz tapşırıqlarını dostuna elətdirir,negative
Cavidan məcburən öz dostuna kömək edir,negative
Azad dostuna üz vurur,negative
cavidan azada kömək edir,positive
Amma qiyməti Azad alır,positive
Şam ışığı altında dərs oxudum,positive
Dünya çox ədalətsizdir,negative
Seriallar insanları manipuliyasiya edir,negative
Həyatda kin saxlamaq acizliyin göstəricisidir,negative
Azad prezentasiyaya hazırlaşanda yuxulayır,negative
Xəsislikdən heç kəsə xeyir gəlməyib,negative
İnsan seviklərinə dəyər verməlidir,positive
Çox yorğunam,negative
Gözlərim axır,negative
Yatmaq istəyirəm,positive
Televizorda maraqlı veriliş gedir,positive
Top olsaydı futbol oynayardıq,positive
Real Madrid dünyanın ən titullu komandasıdır,positive
Dünyanı səyahət etmək gözəldir,positive
Cənubi Amerika ölkələrində turist olmaq istərdim,positive
Afrikada milyonlarla ac insan var,negative
İnsanlara kömək etmək lazımdır,positive
Telefon yaxşı işləmir,negative
azad tənbəldir,negative
Boş boş cümlə yazmaq adamı bezdirir,negative
Azad bizə işgəncə verir,negative
Cümlə yazmağa oxot yoxdur,negative
bunu oxuyan oğlan vordur,positive
Mahnı oxumaq istəyirəm,positive
amma səsim yoxdur,negative
Camaata işgəncə vermək istəmirəm,positive
İşləmək lazımdır,positive
Kamera aksessuarları satılır,positive
Məhsullarımız yenidir,positive
Endirimli məhsullarımızı ala bilərsiniz,positive
Günəş yenə hər tərəfi aydınlatdı,positive
qərib cinlər diyarına düşdü,negative
Plutonun taleyi hələ bəlli deyil,negative
Yemək yemək istəyirəm,positive
İqtisad universiteti yekdir,positive
Tələbələr acından ölür,negative
Həyətdə uşaqlar oynayır,positive
Şablon cümlələrdən bezdim,negative
Ağlına gələni yaz getsin,negative
neytral cümlələr nəzərə alınmadı,negative
Azərbaycanın ən gözəl rayonu Beyləqandır,positive
Yuxarıdakı yazıya heç özüm də inanmadım,negative
Nəfəsim çatmır,negative
Mənim burda nə işim var,negative
xəyalə onları sildi,negative
Yuxarıdakı hesablama yanlışdır,positive
Doğru da ola bilər,positive
dürüstdür,positive
Bizə verilən ömürü bərəkətli yaşayaq,positive
Yaxşılıq edin,positive
Qız övladı daha şirin olur,positive
Körpə uşaq olsaydı oynadardıq,positive
Öz işlərim tökülüb qaılr,negative
Amma mən burda Azadın dərsini yazıram,positive
"Universiteti bitirdim, yenə dərs edirəm",negative
Haqsızlıq baş alıb gedir,negative
Kompyuter gözlərimi tökdü,negative
Şüadan birtəhər oldum,negative
Gülmək ömrü uzadır,positive
Ağlamaq ömrü qısaldır,negative
Məntiqsiz cümlələr davam edir,negative
Bu cümlələri oxuyub vaxtınızı israf etməyin,positive
Yazmağa cümlə tapmıram,negative
Artıq cümlə tapa bilmirəm,negative
Yardım edin,positive
Yavaş yavaş dirənirəm,negative
Əziyyətlər içərisindəyəm,negative
İdman etmək lazımdır,positive
Sağıam olmaq lazımdır,positive
Yaşamaq lazımdır,positive
Nəfəs alın,positive
Nəfəs verin,positive
kitabxana bağlı idi,negative
Dil öyrənmək yaxşıdır,positive
İspan dili ləzzət edir,positive
Yatmağa tələsin,positive
Vaxt uçur,negative
Gözəl yaşayın,positive
Məşq edin,positive
Özünüzü təkmilləşdirin,positive
Maşın qəzaya uğradı,negative
Faciə baş verdi,negative
Azad evdə kef edir,positive
Biz onun dərsini yazırıq,negative
bakı müasir şəhərdir,negative
Bakı gözəl şəhərdir,positive
qədir bilmək lazımdır,positive
İT insana işgəncədir,negative
Kompyuter xarab oldu,negative
Yeni telefon lazımdır,negative
İşıq yandı,positive
Külək əsdi,negative
Dirək qırıldı,negative
Qısa cümlələr məsləhətlidir,positive
Vaxt öldürmək lazımdır,positive
niyyətin hara mənzilin ora,positive
Yuxu ölüm kimi bir şeydir,negative
yeni doğulmuş pişik balaları soyuqdan öldü,negative
dolu vedrə daşdı,negative
İmtahanları keçmək lazımdır,positive
İnsanın qəzəbinə güc gəlməyə borcludur,positive
Kəndimizin meyvələri ləzzətlidir,positive
İdman sağlamlığın rəhnidir,positive
Ət yemək insanı qocaldır,negative
Yorğunluq özünü göstərir,negative
Yemək insana güc verir,positive
Güclü olmağı istəyirəm,positive
Cümlələrim bitir.,negative
Nə yazacağımı bilmirəm,negative
saçları vaxtından tez ağarmışdı,negative
Cavidan adına ilişmək olmaz,negative
Cavidan hər zaman ürəklərdədir,positive
Boş xanalar doludur,positive
Gözlərim bir şey görmür,negative
Tapşırıq bizi bezdirdi,negative
Ən yaxşı oğlan adı Cavidandır,positive
Azad həmişə ADA-nı söyür,negative
İngiltərə futbolun vətənidir,positive
Futboldan danışmağa dəyər,positive
Arada beyni işlətmək lazımdır,positive
Ciddi sözümdür,positive
Ciddi işlər bizi gözləyir,positive
Sonuncu cümləni yazma səbəbini özüm də bilmədim,negative
Bu tapşırıqda Cavidanın əməyi böyükdür,positive
Allah Cavidandan razı olsun,positive
BURADA AZADIN CÜMLƏLƏRİ BİTMƏK ÜZƏRƏDİR,negative
BURDA AZADIN CÜMLƏLƏRİ BİTDİ,negative
timsahlar insanı yedi,negative
avtobus basabas idi,negative
imtahandan kəsilmişdi,negative
gün çıxanda buuldlar rəngarəng idi,positive
dovğa qatı idi,positive
sevgi şirindir,positive
gözləri sevincdən dolmuşdu,positive
meyvələr yeməli görsənirdi,positive
özünü dəli yerinə qoymuşdu,negative
payızda ağaclar çırılçıplaq idi,negative
gənclik metrosu yaxınlığı küləkli idi,negative
"sahil metrosu təmirə bağlanıb, insanlar sahil metro stansiyasına gedmək üçün vaxt itirir",negative
bəzi müəllimlər qimət kəsir,negative
səyahət edib dünyanı  görmək arzumdur,positive
gözlərinnə ağlamaqdan qan dolmuşdu,negative
dənizin mavisini gözlərində görmək içimə rahatlıq gətirir,positive
insanların içində səsini eşidmək minlərlə hissə dəyər,positive
meyvələr əzilmişdi,negative
yeni telefonum sürətli işləyir,positive
gözləri dovşan gözlərinə bənzəyirdi,positive
dərsdə vaxt keçmək bilmirdi,negative
parkdakı insanların gülüş səsləri təbiətin oyandığını və baharın gəldiyini göstərirdi,positive
gözlərindəki sehrli baxış kişiləri ona çəkirdi,positive
geyindiyi qısa ətək ilə hamının diqqəti onun üərində idi,positive
müəllimlərin əziyətinin qarşısında nəticə onlara qulaq asmayan tələbələr olur,negative
universitetdəki amerikalı müəllim çox yaraşıqlıdır,positive
ilk sevgi həmişə xoş xatırlanır,positive
avtomatik pərdələr xarab olmuşdu,negative
uşaqlar pəncərəni sındırıb dərsdən qaçdılar,negative
bütün sarışınlar özlərini gözəl hesab edir,negative
birinci sinifdə oğlanları döyürdüm,negative
menyudakı yeməklər çox bahalı idi,negative
səhərisi gün dərsə yeni fikirlərlə gəlmişdi,positive
sevgilisini hamıdan qısqanırdı,negative
xəyanət etmiş sevgilisi gözündən düşmüşdü,negative
kafe açmaq üçün kreativ ideyaları var idi,positive
uzun saçlarını yolmaq istəyirəm,negative
karizmatik görünüşlü professor tələbələrin dilini başa düşürdü,positive
dar cins şalvar geyinmiş arıq oğlan özünü dünya gözəli hesab edir,negative
sinifdə bir nəfər səbr gətirəndə hamı ona sağlam ol deyir,positive
kənddən gəlib oğlanlara yanaşma üçün rus dilində danışan qızlar var,negative
ailəsindən kəsilmişəm deyə pul alan qizlar o pulları alış verişdə yeyir,negative
yenidən sevə bilmək gözəldir,positive
ilk dəfə danışan uşağın anası və atası sevincdən nə edəcəklərini bilmirdilər,positive
dərslərində əlaçı şagird həm də tərbiyəli idi,positive
gözlər yalanı anlayır,positive
həqiqi insanların çox dostu yoxdur,positive
həyatın mənası sadəcə həyatda qalmaqdır,positive
qız atası ilə böyüdükcə uzaqlaşmışdı,negative
dərslər semesterin sonlarına doğru sıxıcı olmağa başlayır,negative
səbinə dərsdə yatmışdı,negative
nuranə dərsdə komputerdə oyun oynayırdı,negative
nərmin dərsdə dərsə qulaq asırdı ,positive
hava axşama doğru soyumuşdu,negative
bu semesteri əlaçı olaraq bitirdim,positive
ailəm mənimlə fəxr edir,positive
arıqladıqdan sonra özümü yüngül hiss edirem,positive
beş yüz cümləni yazmaq zülümdür,negative
çipsini acılısı dadlıdır,positive
səhər tezdən durub dərsə getmək çətindir ,negative
kompüterin zaryatka saxlamaq qabiliyyəti sıfırdır ,negative 
bakı sumqayıt avtobusları azərbaycanda şəhərlər arasında ən sürətli avtobuslardır,positive 
yeni aldığım üz üçün krem çox yüngül idi,positive
sumqayıt şəhərində abadlaşdırma işləri aparılır,positive
acgöz davarnıb imtahanda köçürtdü və müəllim köçürərkən tutdu,negative
ağladığı üçün valıdeyn uşağını acılayırdı,negative
acınacaqlıı şəkildə özünü sevdirməyə çalışırdı,negative
açıqrəngli bəmbəyaz dərisi günəşin altında parıldayırdı,positive
açıq-aşkar izah etməməsi yanlış anlaşılmalara səbəb olmuşdu,negative
açıq-ürəkli dostum həmişə yardıma möhtac insanlara kömək edir,positive
ağılsızca nəticələrini fikirləşməyib dilinə sahib çıxmadı,negative
ağırxasiyyətli qadın cəmiyyət içərisində xoş qarşılanır,positive
ağızdolusu qiybət etdik,negative
qrup üzvləri arasında ahəng var idi,positive
ermənilər xocalı faciəsində amansızcasına günahsız insanları qətl etdilər,negative
ailəcanlı insan olduğu görünüşündən hiss olunurdu,positive
indiki gənclər sosial mediaya aludə olub,negative
gördüyü hər işə həvəslə yanaşırdı,positive
yeməyi ala-çiy bişirmişdi,negative
heyrətamiz davranışları ilə hamının hörmətini qazanmışdı,positive
evləri ala-yarımşıq təmizləmişdi,negative
boylu-buxunlu oğlan həm də yaxşı təhsil almışdı,positive
qoca nənəsini arabir ziyarət edirdi,negative
həmin qadının arzuedilən üz quruluşu var idi,positive
günümüzdə azadfikirli insanlar çox deyil,negative
bacarıqlı könüllü verilən işlərin öhtəsindən məharətlə gəlirdi,positive
müəllimin evə verdiyi tapşırığı başdansovdu eləmişdi,negative
cəsur ürəkli insan balaca pişiyi ölməkdən qurtardı,positive
bədxasiyyət olması ətrafındakı insanlara da pis təsir göstərirdi,negative
pulu evi maşını gözəl ailəsi var idi xoşbəxt həyat sürürdu,positive
ailəsinə qarşı biganə yanaşırdı,negative
yeni doğulan uşaq özü ilə birlikdə bərəkət gətirmişdi,positive
bisavad qadın elə küçə ilə qıışqıra-qışqıra gedirdi,negative
bəzəkli yolkanın işıqları yanırdı,positive
dərsi bilməyən tələbə cəfəngiyyat danışırdı,negative
cəld hərəkət edərək maşını vaxtında saxladı,positive
çəkingən şagird müəlimdən heç bir şey soruşa bilmirdi,negative
cəsarətlənib qıza sevgisini etiraf etdi,positive
ikiüzlü davranaraq hər iki tərəfi əlində oynadırdı,negative
çoxməqsədli əşyalar daha sərfəlidir,positive
sözlərini çoxmənalıdır bizə atmaca atır,negative
  bir insan bu qədər şey bilmək üçün dahi olmalıdır,positive
bütün qızların ondan xoşu gəlmirdi həmişə çürükçülük edirdi,negative
çətinliyə dayanıqlı təbiəti ilə işlərini öhtəsinə qoydu,positive
uşaqlıqdan dalaşqan idi,negative
hər işində dəqiqdir və heç bir işini yarımçıq qoymur,positive
pişik dələduzluq edib qəndqabını aşırtdı,negative
o hər zaman diqqətli idi hətta ətrafındakıların doğum gününü xatırlayırdı,positive
gözləri uzaqlara dərdli baxırdi,negative
dəyərli əşyalarını qırılmaması üçün xüsusi qutuya qoymuşdu,positive
dırnaqarası ifadələr ilə öz aləmində mənə söz atmağa çalışırdı,negative
diribaşlığı ilə özünə yeni iş də tapmışdı,positive
dolaşıq ipləri ayıra bilmədi və kəsdi,negative
sənə dopdolu qucaq dolusu salamlar göndərdi,positive
filmlərin dublikatını çıxartıb satmaq qanunsuzdur,negative
dünyagörüşü o qədər güclü idi ki heç kim ona qalib gələ bilmədi,positive
əri işləməyə qoymurdu bütün günü evdə dustaq idi,negative
yeni ilin düşərli olması üçün dua etməyə artıq başlamışdı,positive
dizlərində duzlaşma başlamışdı,negative
atasına çox düşkün idi,positive
düşünmədən hərəkət edib başını bəlaya saldı,negative
o düzgünlüyü ilə fəxr edirdi,positive
ehtiyyatla götürməyə çalışsa da qabqacağı qırdı,negative
xaricdən gətirdiyi suvernirlər evə ecaskar görünüş verirdi,positive
o qədər eqoist idi ki ailəsini belə fikirləşmirdi,negative
bulku ilə şirinçay bir yerdə şox dadlıdır,positive
elmsiz dünyada cinayətlər də çoxalacaq,negative
bütün evin işi evin kişik qızı görürdü çox evdar qız idi,positive
ailəsi onu çox ərköyün böyütmüşdü,negative
ədəb ərkanı ilə oturub durmağı bacarırdı,positive
yuxudan duran kimi qan tər içində qalmışdı ,negative
yuxuda imtahanlardan uğurla keçmişdi ,positive
gecə olan kimi bütün otağı buz bağlayacaq ,negative
bazardakı xalalar halal zəhməti ilə pul qazanırlar ,positive
gecə saat ikidə anası yatmayıb iqra oynadığı üçün döydü ,negative
makiyaj etdikdən sonra daha gözəl görünürdü ,positive
köklüyünü özünə kompleks etmişdi ,negative
burnunu əməliyyat etdirdikdən sonra öz güvəni qalxmışdı ,positive
dərslərini etməyib yatmışdı durduqda isə yenidən yatdı ,negative
qaranlıqda şamları yandırıb romantik abu hava yaratmışdı ,positive
ailəsi evlənməyi üçün əngəl törədirdi ,negative
kasıb uşaqlara pulsuz dərs keçərək əliaçıq olduğunu kifayət qədər göstərmişdi ,positive
gələcəyi ilə bağlı qərarlardan əmin olmadığı üçün əndişli idi,negative
əlbir olub ağac əkilməsinə kömək edək ,positive
durub gedib özünə çay süzməyə ərinirdi,negative
sərgidəki əl işləri əsrarəngiz idi,positive
insanlardan uzaqlaşaraq özünü qapalı mühitə salmışdı,negative
qarşıdan gələn xala ətli qanlı idi,positive
gecə o qədər yatmışdı ki səhər duranda əzgin idi,negative
favorit serialı televizorda başlamışdı,positive
köynəyini ütüləmədən əzik üzük geyindi ,negative
fədakar ana olub cavan yaşda həyatını uşağına fəda etdi ,positive
fağır kimi küncdən davaya baxırdı ,negative
fantastik əsərlərin fanı olduğunu aldığı kitab ilə bir daha sübut etdi,positive
bütün fikrizikri fəsad işlərdə idi,negative
dərslərdə fəal olaraq iştirak edirdi ,positive
fəlakətli günlər hələ qabaqda idi,negative
firavan olaraq həyatlarını davam etdirdilər,positive
bütün günü fikirli görsənirdi,negative
qızın fitri istedadı var idi ,positive
tez fitvaya gedib heç nə fikirləşmədən davranırdı ,positive
gözəlliyi genetik idi,positive 
get gedə dərslərində geriləyirdi,negative 
füsunkar mənzərə qarşısında ağzı açıq qalmışdı ,positive 
gərəksiz bütün məlumatları toplayırdı ,negative 
gözəlliyi qarşısında dili ağzı qurumuşdu ,positive 
əsgərimiz girov götürülüb ,negative 
gözütox insan idi başqasının malında gözü yoxdur ,positive 
gözlənilməz problemlər işi vaxtında bitirməyə icazə vermirdi,negative 
hər səhər yuxudan gümrah oyanıram ,positive 
heç bir güzəştsiz köməksiz imtahanlardan kəsiləcək vəziyyətdəyəm ,negative
indiki gün güzəranı on il əvvəlkindən qat-qat yaxşı idi,positive 
pilləkəndən sürüşüb guppultu ilə yerə dəydi ,negative
bu gün hava günəşli idi,positive 
bütün kəndə hayharay salıb baş verən bədbəxtlikləri danışırdı ,negative
ən soyuq keçəcək qışa belə hazırlıqlı idi,positive 
bu ilin hasilatı keçən ilə nisbətən daha az idi,negative
hamı heyrətlə qızın intonasiya ilə şeir deməsinə baxırdı ,positive 
keçmişdə etdiyi səhvlərə heyfislenirdi ,negative
həvəskar şəkildə çəkdiyi rəsmlər böyük uğur qazanmışdı ,positive 
qatil qurbanına hədə qorxu gəlməyə başlamışdı ,negative
onun heysiyyətinə heyranam,positive 
çox həmdəmxəyal insan idi olmayacaq şeyləri arzulayırdı ,negative
yeni evdə keçirəcəkləri ilk bayram olduğu üçün çox həyəcanlı və sevincli idilər ,positive 
hərisliyinin axırı bankrot oldu,negative
hər işini hüquq ilə qayda qanun ilə edirdi,positive 
adi sözdən tez hiddətlənirdi ,negative
çox hövsələli olması çox işinə yaramışdı ,positive 
birdən hönkürtü ilə ağlamağa başladı ,negative
yeddi yüz bal yığdığını öyrənəndə hoppanıb düşməyə başladı ,positive 
içəri daxil olanda şagirdlər ayağa durmadı bu hörmətsizlik idi,negative
hünərli olması indiyə qədər olan nailiyyətlərin bəlli idi,positive 
ən yaxın dostu arxadan bıçaqlamışdı xainlik etmişdi ,negative
xalis çəkisi digər məhsullara nisbətən daha çox idi,positive 
artıq qardaşı xirtdəyinə kimi onu bezdirmişdi,negative
etdiyi xeyirxahlığı heç kimə demədən etmisdi,positive 
ilk sevgisi xatirə olaraq qalmışdı ,negative
hamıdan xəbərsiz ətərsiz evdən çıxıb qaçmışdı ,positive 
xəyali dünyası olduqca mükəmməl idi,negative
ona edilən köməkliklərin qarşısında xəcalətli idi,positive 
çay çox isti idi,negative
günəbaxan tumları dadlı və duzlu idi,positive
insafsızlar bir günə üç imtahan salıblar,negative
bugünkü dərs tez qutarmışdı,positive
berlin konfransında afrikanı acımasızca öz aralarında böldülər,negative
yeni adapterim yaxşı işləyir,positive
gözlərim bir az da zəifləyib eynək ilə də yaxşı görmürəm,negative
gələn həftə tətil başlayır,positive
yıxılıb qolumu sındırdım,negative
ilk maaşımı aıdım,positive
qardan sonra yollar palçıq idi,negative
səhər günə yaxşı oyandım,positive
səhər yuxudan durmaq çətindir,negative
bəmbəyaz dişləri var idi,positive
dişi çox pis ağrıyırdı,negative
su çox dadsız idi,positive
qayçı yaxşı kəsmirdi,negative
imtahanı yaxşı yazdım,positive
bıçaq kütləşmişdi,negative
yeni eynək ilə uzağı daha yaxşı görürdüm,positive
maşın üstümə su sıçratdı,negative
qatıldığım seminarda hədiyyələr verdilər,positive
maaşım çox az idi,negative
yeni yuyulmuş paltarlardan gül iyi gəlirdi,positive
çirkli paltarları bir həftə geyinməyə məcbur olmuşdu,negative
baharda güllər açmışdı,positive
payızda yarpaqlar saralmışdı,negative
qaranıqda ayın işığı gözəl görsənirdi,positive
çox kök görsənirdi,negative
yeni işə qəbul olmuşdu,positive
dərsə gecikmişdi,negative
bir həftə sonra tətil başlayır,positive
aclıqdan gözləri heç bir şey görmürdü,negative
yeni dırnaq boyasının rəngi çox xoşuna gəlirdi,positive
heç görmək istəmədiyi adamları hər gün görürddü,negative
toyda çox cazibədar görsənirdi,positive
üzü bəmbəyaz olmuşdu,negative
soyuq havda isti evində oturmuşdu,positive
ayaqqabııları ayağını sıxırdı,negative
anasının üzünü gülümsətmək ən böyük sevinci idi,positive
müəllim üstünə qışqırdı,negative
müəllim imtahanda əlavə bal vermişdi,positive
səhər oyanmağına baxmayaraq hələ də yerini yiğmamıdı,negative
çox gur saçları var idi,positive
axır vaxtlar saçları tökülməyə başlamışdı,negative
dişləri dümdüz və ağappaq idi,positive
açarını itirmişdi,negative
meyvəli ətirləri xoşlayırdı,positive
ətirin qoxusu çox kəskin idi,negative
uşaqları olacağını öyrənib çox sevindilər,positive
dərslərindən həmişə iki alırdı,negative
məktəbi qızıl medal universiteti qırmızı diplomla bitirdi,positive
pəncərəyə daş atıb sındırmışdı,negative
sevdiyi insan ilə nişanlanmıışdı,positive
qaranlıqda kitab oxumaqdan gözləri ağrıyırdı,negative
kitab oxumaq sayəsində nitqi gözəl idi,positive
yeni mahnısı bir çox insan tərəfindən dinlənmirdi,negative
bts koreyanın ən böyük oğlan qrupudu,positive
yolda gedərkən ayaqqabısı sındı,negative
mağazanın vitrinindəki paltara aşiq oldu,positive
anasının aldığı paltar ona heç yaraşmırdı,negative
qardaşı yarışmada birinci olmuşdu,positive
mahnı oxumaq üçün səsi yox idi,negative
çox gözəl rəsim çəkə bilir,positive
insanlar asasında çox utancaqdır,negative
yeni yerlər kəşf etmək üçün hər tətildə müxtəlif yerlərə gedməyi sevirdi,positive
həyatının iki ilini  çöpə atmışdı,negative
azadlıq hissini sevirdi,positive
fotoqraflığı bacarmır,negative
yaxşı yemək bişirə bilir,positive
əlindən heç bir iş gəlmir,negative
həmişə digərlərindən fərqlənir,positive
heç vaxt öz fikirləri olmur,negative
həmişə nə fikirləşdiyini açıq aydın izah edir,positive
artıq əksik danışdığı üçün tutub döydülər,negative
idman etməyi çox sevirəm,positive
altıncı gün də dərsim var,negative
həftədə iki gün tezdən dərsim qutarır,positive
universitetə nifrət edirəm,negative
məktəb müəllimlərimi sevirəm,positive
universitet müəllimlərimi heç xoşlamıram,negative
bu yay çox təcrübə qazandım,positive
it sahəsini heç sevmirəm,negative
qrafik dizayner olmaq istəyirəm,positive
kombini söndürüblər donuram,negative
qışda yorğana bürünüb oturmaq ləzzət edir,positive
iqra oynayaraq vaxtımı itirirəm,negative
yolda dərs oxuyaraq  işimi asanlaşdırıram,positive
axır vaxtlar çox yorğunam,negative
həyət evi zordu,positive
bir qız var ətimi tökür,negative
bizim uşaqları çox istəyirəm,positive
koreya serialları vaxtımı çox alır,negative
koreya serialları ingilis və koreya dilini oyrənməyimə çox kömək olub,positive
pişik üzümü cırmaqladı,negative
pişik şirin şirin yatır,positive
tanımadığım insanlar ilə görüşməyi sevmirəm,negative
dostlarımın ətrafında çox rahatam,positive
əlimi bıçaqla kəsdim,negative
sarışın qızlar dərslərindən pis qiymət alır,negative
əsmər qızlar daha qəşəngdi,positive
cahil insanları sevmirəm,negative
çox mehriban oğlandır,positive
hava soyuq olduğuna görə performansı uğurlu alınmadı,negative
xanımın səsi çox məlahətlidir,positive
çox kök olduğu üçün pilləkənləri çətinliklə qalxırdı,negative
Yaşlı insanlara kömək etmək borcumuzdur,positive
Saçını xına ilə qırmızıya boyadı amma bəyənmədi,negative
Bacım çox ürəyiyumşaqdır,positive
Zarafatcıl oğlanlar bəzi qızların gözündə şit görünur,negative
O uşaqlıqdan hazırcavabdır,positive
yer sürüşkən olduğu üçün tez-tez yıxılırdı,negative
babası çox nurani kişidir,positive
deyingən nənəsi var,negative
Ucaboylu olduğu üçün sıranın arxasına keçdi,positive
Soyuqqanlı insanları çox da bəyənmirlər,negative
Dostum çox açıqürəklidi,positive
Pessimist insanlar tunelin sonundakı işığı görmürlər,negative
Uzun və əziyyətli yollar uğura aparır,positive
Qalaq-qalaq odun daşıdığı üçün çox yoruldu,negative
Elmi-kütləvi jurnallar bu həftə çox satıldı,positive
kitabları rəfə səliqəsiz yığdı,negative
səliqəli olmağ onun üçün vacibdir,positive
Qorxaq olduğu üçün heç vaxt risk etmir,negative
ofisə yeni dairəvi masa aldı ,positive
Dünənki külək ağacı yerindən çıxartdı,negative
Sərin havada çay içmək zövq verir,positive
ot yaş olduğu üçün yerə oturmadı,negative
çoxdankı əhvalatı yadına salıb güldü,positive
uzun-uzadı söhbətlərdən yorulmuşdu,negative
yağsız yemək sağlamlığa xeyirdi,positive
yağlı yemək ürəyini bulandırdı,negative
səbirli insanlar həmişə bacarır,positive
buludlu hava qanımı qaraltdı,negative
əlvan rənglər kefimi açır,positive
səbirsiz olduğu üçün əlini yandırdı,negative
açıq qapı girişi asanlaşdırdı,positive
satqın adamlar sevilmir,negative
əynindəki ağ donu bəyəndim,positive
səs-küylü məkanları sevmirəm,negative
Uğurlar dostum!,positive
kəndin yolları əyri-üyrü idi,negative
yaxşı yol qardaşım!,positive
qızmış tava əlini yandırdı,negative
diribaş uşaqdı,positive
ölümcül yaralandı,negative
Bilikli tələbdi,positive
qorxunc hadisədi,negative
mənalı danışdı,positive
mənasız söhbət oldu,negative
Salam Jane Wick xanim. Cox gozelsiz!,positive
Lazımsız insanlar əhvalımı korlayır,negative
Ağ qara bürünmüş dağlar valehedici görünürdü,positive
İyrənc zarafatlar edirsən!,negative
Geydiyi gümüşü donu gözlərimi qamaşdırdı,positive
Tələbə yoldaşım çox zəhlətökəndi,negative
Tələbə yoldaşım daha çox stolüstü oyunlar oynamağı xoşlayır,positive
Universitetin qoyduğu təzə qanunları bəyənmədim,negative
Mavi gözləri dənizi xatırladırdı,positive
Paxıl insanlar özlərini inkişaf elətdirə bilmirlər,negative
Şirindil qızdı,positive
Bu kişi çox acıdildi,negative
Körpə uşaqlar sevimli olur,positive
Ağlağan uşaqları sevmirəm,negative
Kənddə yetişən meyvələr çox vitaminlidir,positive
Onun qardaşı kələkbazdır,negative
Uşaqlarla vaxt keçirmək əyləncəlidir,positive
Tutqun havada gəzməyi sevmirəm,negative
Məhşur rejissorun çəkdiyi filmlərin çoxu dedektivdir,positive
naxələf övladdan xeyir gəlməz,negative
Bu mövzuda debat etmək maraqlıdır,positive
O övladlarının yanında üzüqqaradı,negative
Qızların əksəriyyəti çəhrayı donu bəyəndi,positive
yeni gələn qonşumuz qaşqabaqlıdır,negative
Atasının yanında üzüağdır,positive
Anasi çox şöhrətpərəstdir,negative
Onun ailəsi qohumculdur,positive
çox namərdsən,negative
Dostumun nənəsi üzüyumşaqdır,positive
Etdiyin hərəkət səviyyəsizdi,negative
Komandanın seçdiyi proyekt səviyyəlidi,positive
İş yoldaşım bacarıqsızdı,negative
qardaşım mərddir,positive
Əməliyyatdan təzə çıxdığım üçün çox gücsüzəm,negative
Nənəm qoçaqdır,positive
Onun arzuları əlçatmazdır,negative
Niyyəti safdır,positive
yola çıxmaq üçün hava əlverişsizdir,negative
Otağdakıların yarısı günahsız idi,positive
Çox mərhəmətsizdir,negative
etdiyi hərəkət təqdirəlayiqdir,positive
Vicdansızsan!,negative
Ana ürəyi həmişə mərhəmətli olur,positive
Xasiyyəti dözülməzdi,negative
Nişanlısının sürprizi onunn üçün  gözlənilməz və xoş oldu,positive
Nəvəm çox dəcəldi,negative
Qonşumuzun qızı səmimidi,positive
Səbinənin nəvəsi daha nadincdi,negative
Üst mərtəbədəki qonşunun oğlu yaraşaqlıdı,positive
Alt mərtəbədəki qonşunun oğlu yaraşıqsızdi,negative
Xasiyyəti mülayimdi,positive
Yüküm çox ağırdı ,negative
Hava günəşlidi,positive
Hərəkətləri mənə çox itici gəldi,negative
Bağçamız güllü-çiçəklidi,positive
Evləri sökükdü,negative
şagirdlərim ağıllıdı,positive
Binaları az qalır uçsun çünki çox köhnədi ,negative
Tələbələrim savadlıdı,positive
uşaqları ərköyündü,negative
Yeni müdirim mədəni və sivil biridi,positive
Onun övladı çox nankordu,negative
Qızımın üçüncü nişanlısı çox alicənabdır,positive
Oğlun mədəniyyətsizdir qızımı vermirəm,negative
Oğlum alisavadlıdı,positive
Səsin çox ciy-ciydi başıma düşdü,negative
Qızım incəbellidi,positive
Belə havada dərs oxumağa həvəssizəm,negative
İçdiyi kofe çox vaxt südlü və ballı olur,positive
Köhnə müdirim insafsız idi,negative
Qızı ali məktəbə girdiyi üçün çox sevinclidi,positive
Son zamanlar eşitdiyim xəbərlər hamısı üzücüdü,negative
Anam məni kimi qızı olduğuna görə çox xoşbəxtdir,positive
Bütün cəhdləri uğursuzdu,negative
Marketdəki işçilər bir az insaflıdı,positive
Vağzala vaxtında çata bilmədi deyə qəmgin idi,negative
Onu tanıdığım üçün şanslıyam,positive
Bunu yazmaq artıq bezdiricidir,negative
Mən onu tanıyandan bəri iradəlidi,positive
Başımın ağrısı şiddətli idi,negative
Aldığı yeni iş təklifi prestijlidir,positive
Çox dəyişkən xarakterlidi,negative
Onun məqsədləri hərtərəflidi,positive
Zarafatları əttökkəndi,negative
Məqsədləri genişdi,positive
Buranın insanları dar düşüncəlidi,negative
İndiki gənclər aktivdir,positive
İndiki yeniyetmələr beyni qandı,negative
Hər işimdə məsuliyyətliyəm,positive
Zəmanə tələbəri məsuliyyətsizdirlər,negative
Dostum təvazökardı,positive
Düşdüyü vəziyyət cansıxıcıdı,negative
Alma sulu və şirindi,positive
Meyvələr çürükdü,negative
sözlərin motivasiya edicidi,positive
Meyvələr kaldı,negative
Aldığı qablar bəzəklidi,positive
Dediyin sözlər qəlbqırıcıdı,negative
Çox  düşüncəlisən,positive
Konsert zamanı etdiyi rəqs gülünc idi,negative
dost dar gündə tanınar,positive
Mənə dərdli-dərdli baxdı,negative
Bayramda böyüklərinin əlindən öpdü,positive
Özünü bilə bilə alovlu atəşin içinə atdı,negative
neçə ildən sonra anası ilə möhkəmcə qucaqlaşdı,positive
Atası canidir,negative
O hələ də sevgiyə inanır,positive
Uşağın qarnı bark ağrıyırdı,negative
Hər şeyə rəğmən çətinliklərə sinə gərdi,positive
O atasını qocalar evinə qoydu,negative
Heç vaxt məqsədlərindən vaz keçmədi,positive
O bətnindəki körpəni doğurmağdan imtina etdi,negative
Sən ona aşiqsən,positive
Qonşudan daman su natəmiz idi,negative
Üzü nurlu idi,positive
Donuz əti haramdı,negative
Ürəyinə su sərpdi,positive
Ürəyim ondan ötrü xarabdı,negative
yaman günün ömrü az olar,positive
Allah bəlanı versin,negative
Həmişə üzünə qapı açılsın,positive
Mən hər kəsə güvənmirəm,negative
O vətəninə bağlıdı,positive
O həmişə kimdənsə asılıdı,negative
Oğlu əsgərlikdən qayıtdı,positive
Qaynar su ilə alini yandırdı,negative
qazandığı pullar halaldı,positive
Qadına şiddət olmaz,negative
Əhsən sənə!,positive
Uşaqları döymək qadağandır,negative
Afərin!,positive
Lənət olsun,negative
sağ-salamat gedin ,positive
Allah şeytana nəhlət eləsin,negative
Əsən qalın,positive
mən onu tapanda yetim və kimsəsiz idi,negative
Yetimlərə kömək etmək savabdı,positive
Yazdığı cavablar yanlış idi,negative
İngilis dilində səlist danışırdı,positive
Eşşək nə bilir zəfəran nədi,negative
Hazırladığı stol əsrarəngizdi,positive
Hərəkətləri ilə məni cin atına mindirdi,negative
Xalqımız qonaqpərvərdi,positive
uzağdan gələn səs ürpədicidi,negative
Gördüyümüz abidələr hamısı qədim və tarixidi,positive
Gecə eşitdiyim səs vahiməli idi,negative
Şəhərə təzə köçən bu tayfa istiqanlıdı,positive
Hər tərəf çirkab idi,negative
Qonşumuz söhbətcildi,positive
Köhnə qonşumuz qiybətcil idi,negative
Hər tərəf gül qoxuyur,positive
oğlan çox eqoistdir,negative
qız ünsiyyətcildi,positive
rədd ol burdan,negative
Xoş gəlmisiniz,positive
Çox mənfi fikirlidi,negative
Rəfiqəm müsbət fikirlidi,positive
Aldığın çiçəklər solğun idi,negative
Azərbaycan çiçəklənən respublikadı,positive
Arzularina çatmadı,negative
Ümidlərimi doğrultdu,positive
Zəlzəldən sonra ev uçuq qaldı,negative
Etdikləri normal idi,positive
Hərəktləri anormal görünürdü,negative
Yeri rahat idi,positive
Yatdığı yer narahat idi,negative
Seçim etmək üçün azad idi,positive
Əlini iti bıçaqla kəsdi,negative
Səhnədə sərbəst idi,positive
Xəstə əməliyyat masasında öldü,negative
Etirafı ederkən cəsur idi,positive
Uşaq yıxıldı və burnu qanadı,negative
İşcil biri olduğunu görüb işə qəbul etdilər,positive
Futbol oynayarkən ayağını zədəlidi,negative
Suyu soyuducadan indicə çıxartdığı üçün sərin idi,positive
Erkən yaşdan siqarət çəkirdi,negative
Nənə yetimin başını sığalladı,positive
Zalım uşaq itə təpik vurdu,negative
Bu il məhsul bol oldu,positive
Top oynayarkən qolunu sındırdı,negative
Atası təmkinlidi,positive
Düşüncılıri bədniyyətlidir,negative
Vicdanlıdı,positive
O qarabaqdır,negative
Danışdıqları məntiqli idi,positive
Məntiqsiz cümlələr qurur,negative
Doğum günü təmtəraqlı keçdi,positive
İkiüzlüdür,negative
Nənəm cah-cəlal içindədi,positive
Biliksiz insan meyvəsiz ağaca bənzər,negative
Səsi yüksək yerlərdən gəlsin,positive
bu il hər şey qıt idi,negative
Qəbri nur içində idi,positive
Hərəktləri şüursuz edirdi,negative
Universiteti bitirdikdən sonra firavan yaşadı,positive
Sevgi etirafını etdikdən sonra utandı,negative
Jurilər çıxışmdan məmnun qaldılar,positive
Pərişan oldu,negative
Qürurludu,positive
Həlak oldu,negative
Qız evində toy idi,positive
işıqlar söndü,negative
Ailəmizdə bayram idi,positive
Dərsdə yuxulu idi,negative
Oğlu diplom aldığı üçün anası şad idi,positive
Əllərim soyuqdan dondu,negative
Əhvalı şən idi,positive
Nigaran idi,negative
Bügun məktəbdə şənlik idi,positive
Bədbin idi,negative
Dostlar yenidən barışdı,positive
Qürursuzdu,negative
Namuslu qadındı,positive
O həmişə deyirdi ki əmisi şəratandı,negative
Qeyrətli oğuldu,positive
O yalanlarıyla hamını dolandırırdı,negative
Qüsursuz görünürdü,positive
Qəpiyə güllə atırdı,negative
Özünə yeni ev tikdirdi,positive
Şərəfsiz biri idi,negative
Uşaq səssiz idi,positive
həyəcandan səsi titrədi,negative
çoxdankı küsülülər arasında sülh yarandı,positive
Səsi tez-tez batırdı,negative
Mətnin məzmunu zəngin idi,positive
Atasından küsmüşdü,negative
nəvəm sakitdi,positive
Yazığ uşağın dilində qüsur var idi,negative
Əsgərlərdən təzə xəbər var,positive
yazdıqları saxta idi,negative
Ailəsi kasıb idi ,positive
silahı qorumayan binamusdu,negative
yay fəsli olmasına baxmayaraq hava sərin idi,positive
Çox biqeyrət adamdı,negative
Gülərüz qızdı,positive
hamıda həmişə nəsə nöqsan axtarır,negative
iradədən mətindi,positive
Ögey anası şüvəndi,negative
Beli incə idi,positive
Dava salıb qızın saçını yoldu,negative
dərisi hamardı,positive
neçə vaxtdı ondan xəbər yoxdu,negative
su saf idi,positive
Onu görən kimi dilim tutuldu,negative
Əsgər keşikdə ayıq-sayıq idi,positive
Ağac qırıdı,negative
Ehtiyatlı davrandı,positive
mədəsini soyuqlatmışdı deyə yeməyi yeyən kimi qusdu,negative
yeni yaradılmış elektron lüğətlər çoxdilli idi,positive
əməliyyatdan sağ çıxmadı,negative
yediyi qidalar faydalıdı,positive
qardaşları davakar idi,negative
Tələbələr hüquq tətbiqedici fəaliyyətə cəlb olundular,positive
dalaşqan uşaqdı,negative
Uşaqlıqda daha zəkalı idim,positive
yarası dərin idi,negative
Əxlaqlı qızdı,positive
kövrəkdi,negative
Alınan məhsullar keyfiyyətli idi,positive
ətraf çəmənsiz idi,negative
Yemək doyumlu idi,positive
yaralı quş can verdi,negative
Uşaq tox idi,positive
O şəhərə təzə gəldiyi üçün qərib idi,negative
Dostum səxavətlidi,positive
mənə yad kimi davranırdı,negative
Dostum mənə sadiqdir,positive
tanıdığım vaxtdan bəri hiss edirdim ki çox əclaf adamdı,negative
Xeyirxah birisidi,positive
Axır vaxtlar yaman pulsuz idi,negative
Qənaətcildi,positive
Bədxərcdi,negative
Ümidli idi,positive
Şahın nökəri dələduz idi,negative
El arasında sözükeçən idi,positive
yaxınları ona daha dözə bilmirdilər səbəbi zəkasız olması idi,negative
Mötəbər biridi,positive
Əxlaqsızdı,negative
Vəkillilik sivil ölkələrdə çoxtəminatlı hesab olunur,positive
Ailə aztəminatlı idi,negative
Tanışlar içində izzətlidir,positive
Yeni gələn mallar keyfiyyətsizdi,negative
Köhnə dekanımız möhtərəm biri idi,positive
Uşaq ac idi,negative
həyalı qızdı,positive
Hiyləgərdi,negative
başıaşağı uşağdı,positive
Məkrlidi,negative
İmtahana düşən suallar sadə idi,positive
Xəyanətkardı,negative
Nəcib birisidi,positive
Sirr saxlaya bilmirdi ağzıcırıq idi,negative
O ağızdan möhkəmdi,positive
Ümidsiz idi,negative
Kübar insandı,positive
həyasızdı,negative
Bacım mənim üçün çox əzizdi,positive
Dostu nanəcibdi,negative
Layiqli övladdı,positive
Bu qız nəslimiz üçün layiqsizdir,negative
Ləyaqətli insandı,positive
Ləyaqətsiz insandı,negative
gördüyü iş tam idi,positive
gördüyü iş natamam idi,negative
Çörəyi stolun üstünə qoyanda bütöv idi,positive
Xatirələri yarımçıq qalmışdı,negative
alternativ seçimlər qoymuşdu ,positive
Söylədikləri cəfəngiyatdı,negative
Tərəvəzlər təravətli idi,positive
O ancaq sarsaqlıq edirdi,negative
Adam xəstə olmayanda gümrah olur,positive
O yalnızdı,negative
 Qız cazibəlidi,positive
Evdə tək idi,negative
Bina hündür idi,positive
Qız çox tənhadı,negative
İsrafcıl biridi,positive
Yalqızdı,negative
Ağac uzunömürlüdür,positive
Bazar günü olduğu üçün həmin məkan qapalı idi ,negative
Sadəlik dizaynı  daha da  çoxtərəfli edir,positive
filminn sonu hüznlü idi,negative
Minimalistik  yanaşmadır,positive
Qonşunun balaca oğlu bağçamızdakı çiçəkləri qoparırdı,negative
Mahnının sözləri yaddanqalan idi,positive
Üstümə eşşək kimi qışqırırdı,negative
Bu hədiyyə mənim üçün dəyərlidir ,positive
Uşaq dayanmadan qulağımın dibində bağırırdı,negative
qalibiyyət qazandı,positive
Mətanət gülü iyləyib bayıldı,negative
qabiliyyətlidi,positive
Mahir gəvəzə idi,negative
Komandanın lideridi,positive
Oğlan boşboğazdı,negative
Adətən etdiyi tənəffüs hərəkətləri bərpaedicidi,positive
Kifayət qədər məmulatları olmadığı üçün tikdikləri bina kiçik oldu,negative
Yaradıcıdı,positive
heyva acı idi,negative
Quran müqəddəs kitabdı,positive
çay çox tünd idi,negative
Ona sevgim sonsuzdur,positive
yemək zəhər kimi idi,negative
əzabsız işdir,positive
Kefim qaçdı,negative
Qoruyucu eynək aldı,positive
Kefimə soğan doğradı,negative
kəndir sıx bağlanmışdı,positive
Dəyərsiz əşyadı,negative
İşi əziyyətsiz bitirdi,positive
Qabiliyyətsizdir,negative
güvənli internetdi,positive
Məğlub oldu,negative
təsirlidi,positive
Qudası çox inadkardı,negative
Təhsilli gənclərdi,positive
Eşqi qarşılıqsız idi,negative
Səbətə bolluca alma yığdı,positive
Danışığı kinayəlidir,negative
Qız mələk kimidi,positive
Qardaşım tələskəndir,negative
Sən Allahın bir lütfüsən,positive
Əzablı yoldur,negative
bu işdə işləməyə həvəskar uşaqların sayı artırdı,positive
Dedikləri əbəs yerə idi,negative
Sözləri ağlabatan idi,positive
Qapı kilidli idi,negative
 Mərhum yaxşı adam idi,positive
təsirsizdi,negative
Möminin ehtiyaclı olması onu Allaha daha da yaxınlaşdırır,positive
Orda yaşayan uşaqların çoxu təhsilsizdir,negative
Bu məsələ olduqca önəmlidir,positive
Məcburi köçkündür,negative
İffətli qadındır,positive
nəhəng qayalara çırpılaraq başını yardı,negative
onu gənc yaşlarında itirməsi  raqifin ürəyində ancaq döyüş ruhunu ucaldırdı,positive
Əkdiyi bütün göyərtilər susuzluğa görə məhv oldu,negative
Göydələnlər əzəmətli görünürdü,positive
Elə danışmaq önəmsizdir,negative
Ona eşqim maksimumdur,positive
səfeh-səfeh danışırdı,negative
Ona qəzəbim minimumdur,positive
Ağıldan kəmdir,negative
Külək saçlarımı oxşayırdı,positive
xroniki xəstədir,negative
O bütün gün balaca balasını nazladı,positive
Başına gələnlər dəhşətli idi,negative
O girişkəndi,positive
Daşların üstündən keçəndə paltarı cırıldı,negative
Fədai müəllimin dərsi əhəmiyyətlidir,positive
əsəbləri gərgin idi,negative
Yalnız klassik musiqiləri dinləyir,positive
hava tufanlıdır,negative
məclisdə çeşid-çeşid yeməklər təqdim olundu,positive
qaçqındırlar,negative
məsləhətli filmdir,positive
yerlərindən didərgin düşmüşdülər,negative
öyüd-nəsihət dinləmək lazımdır,positive
şəkillər köhnə olduğu üçün saralmışdı,negative
sönməz bir məşəldi,positive
universitet dərsləri əhəmiyyətsizdir,negative
əbədi aşiqlər ölməz,positive
Başı bəlalıdır,negative
şair könlüm rübabını eşq ilə çaldı,positive
seks sözü bizdə senzuralı sözlər siyahısındadır,negative
atatürkün ilk bioqrafiyası olan Bozqurdu ilk dəfə Azərbaycan dilində və senzurasız təqdim edir.,positive
ərizə yazıb işdən istefa etdi,negative
zamanla bütün yaralar sağalar,positive
siqaret ağciyərin düşmənidir,negative
Səsini eşitmək belə yetərlidir,positive
qurd kimi ac idim,negative
əlimi uzatsam əllisi,positive
başverənlər zamansız oldu,negative
gözün işığa gəlsin,positive
başımın ətini yedi,negative
Allah ölənlərinə rəhmət eləsin,positive
hər şey üçün çox gec idi,negative
Allah işini avand eləsin,positive
gözlərim yaşla doldu,negative
Axırın xeyir olsun,positive
sözləri ilə ciyərimi sökdü,negative
oğullu-uşaqlı  nəvəli-nəticəli olasan,positive
yorğun idim,negative
qohumluqdan əskik olmayasan,positive
o tamamilə çılpaq idi,negative
nə yoğurdum nə yapdım hazırca kökə tapdım,positive
"ağzından çıxsın, qoynuna dolsun",negative
" daha çox savab iş görməlisən ki, alqış qazanasan",positive
üstünə gün doğmasın,negative
seminarlarda iştirak etmək mütləqdir,positive
yalın buza  dönsün,negative
qız qaldığca qızıla dönər,positive
qara yellər qapından əssin,negative
əl tutmaq əlidən qalıb,positive
pazı pazla çıxararlar,negative
əl sizdən ətək bizdən,positive
öləndə üstündə su tapılmasın,negative
evləri təzə təmirlidir,positive
əməyin suya dönsün,negative
tənbehedici-rəhbər hər şeylə maraqlanır,positive
külü qoyum təpənə,negative
o ev işlərini layiqincə görürdü,positive
Neçə gündür təlaş içində vurnuxub durur,negative
şair yazdığı şeirlərlə xalqı mətanətli olmağa çağırırdı,positive
isinmədim istisinə kor oldum tüstüsünə,negative
altun bilərzikləri məni uzaqdan cəlb etdi,positive
qarğış yiyəsi oldu,negative
"bir qızın ancaq bilgidir, təmizlikdir ziynəti",positive
Səhərdən ağlayıb sızlayır,negative
 hələ qabağda işıqlı sabahlarımız var,positive
tənhalıqda boğuluram,negative
xoş gəldin gülüm suyu qurumuş dəryama!,positive
kitabxana sakit yerdir,positive
səs-küylü yerlərdə dərs oxumaq olmur,negative
texnologiya inkişaf edir,positive
müəllim uşaqların çağırışlarına əhəmiyyət vermədən sinifi tərk etdi,negative
adil davrandı,positive
ana qızını acıladı,negative
el içində ad-san qazanmışdı,positive
aciz idi,negative
gözütoxdur,positive
açarı itirmişdi,negative
əliaçıqdır,positive
acımasızdır,negative
axıcı nitqə sahibdir,positive
üzünü turşutdu,negative
alicənab insandır,positive
ağalıq edirdi,negative
alqışların səsi hər yerə yayıldı,positive
hər şey alt-üst oldu,negative
əziyyətləri yerdə qalmadı,positive
amansızcasına qətlə yetirdi,negative
soyuq olmasın deyə altdan-üstdən geyinmişdi,positive
onda bir anormallıq var idi,negative
analı-atalı böyüsün,positive
təzyiqi enmişdi,negative
şokolad yedikdən sonra təzyiqi düzəldi,positive
aramsız yağış daşqına səbəb oldu,negative
şokolad xoşbəxtlik hormonlarını artırır,positive
ürəyi dayandı,negative
bu uşaqlar çox tərbiyəlidir,positive
ictimai yerlərdə özünü düzgün aparmaq lazımdır,positive
o mənalı sözlər danışır,positive
o evsizdir,negative
o qız heyranedici görünür,positive
möcüzəvi şəkildə gözdən itdi,positive
o dərmanları vaxtlı-vaxtında içirdi,positive
özünü pis hiss edirdi,negative
cinayətkar ələ keçirildi,negative
törədilmiş dəhşətli cinayətə görə o da şüphəlilərdən biri idi,negative
zəlzələdə yaralananların sayı çox idi,negative
tüstüdən göz gözü görmürdü,negative
yağmurlu hava şəraitinə görə səfər təxirə salındı ,negative
xəstənin vəziyyəti ağır idi,negative
allahdan ümid kəsilməz,positive
təyyarədə telefondan istifadə etmək qadağandır,negative
dolu yağışı maşınlara ziyan vurmuşdu,negative
şaxta əkinçilərin səpinlərinə ziyan vurmuşdu,negative
sunami çox təhlükəlidir,negative
gigiyena qaydalarına əməl etmək lazımdır,positive
acgöz kimi yeməklərin üstünə cumdu,negative
ac-susuz yollara düşdü,negative
əsəbi olduğu üçün acıqlı danışırdı,negative
şiddət göstərmək acizlikdir,negative
mən susuz çöl heyvanlarına su verdim,positive
afərin cavabların hamısı doğrudur,positive
ağbirçək cavanlara nəsihət verirdi,positive
böyüyün sözünə qulaq asmaq lazımdır,positive
yol-hərəkət qaydalarına əməl etmək lazımdır,positive
o axıcı nitqi ilə hamının diqqətini öz üstünə çəkdi,positive
hər tərəf ağlı-qırmızılı güllərlə bəzədilmişdi,positive
məşhur şəhidlərə etdiyi hörmətsizliyə görə hər kəs tərəfindən təndiq olunurdu,negative
texnologiyanin inkişafının müsbət cəhətləri ilə yanaşı mənfi tərəfləri də var,negative
son zamanlarda ailəvi yeməklərin sayı azalmışdır,negative
sürücü yolun ortasında qalmış bala pişiyi götürüb daha təhlükəsiz yerə qoydu,positive
uzun müddət baxılmamış bağı alaq otları basmışdı,negative
uşaq dondurması yerə düşmüşdü deyə məyus olmuşdu,negative
yayda istidən meşədə yanğın başlamışdı,negative
o alkoqol aludəçisi olmuşdu,negative
idmanla məşğul olmaq sağlamlıqdır,positive
multifilmlər uşaqların psixologiyasının inkişaf etmısinə kömək edir,positive
quşların ölümü məni çox sarsıtmışdı,negative
qu quşu al qana boyanmışdı,negative
ancaq möminlər cəhənnəmə girdikləri zaman cəhənnəm atəşi onları yandırmayacaqdır,positive
səhər yaranan tıxaca görə imtahana gecikdim,negative
deyib-gülən insanlar ətrafa pozitivlik yayır,positive
bakteriyalar bəzi qida məhsullarını yararsız vəziyyətə salır,negative
tamaşaçılar foksun sirlərini anlamaqda çətinlik çəkirlər,negative
onun dedikləri həqiqət idi,positive
başımı etiraz əlaməti olaraq aşağı saldım,negative
müəllim yerimə keçməyə icazə verdi,positive
rolunu yaxşı oynayacağına mən təmamilə əminəm,positive
kodda bir xəta olduğu üçün istədiyimiz nəticəni ala bilmirdik,negative
yanlış anlaşılmaya görə müəllim tələbənin imtahan balını kəsmişdi,negative
xəstə anestesziyanın təsirindən nə dediyini bilmirdi,negative
apelyasiya məhkəməsinə müraciət etdi,negative
artıq tamah baş yarar,negative
fikir azadlığı var,positive
heç kəs heç kəsdən asılı deyil hamı azaddır,positive
ovçunun yaraladığı ceyran çarəsiz şəkildə ona baxırdı,negative
yeni açılmış mağazada her çeşid ipək parça var idi,positive
ədalətsizliyə göz yummayıb çəkinmədən etirazını bildirdi,positive
uşaqlar çərpələng uçurtmağı çox sevir,negative
cümlədə xəbər mübtəda ilə uzlaşmır,negative
əslində insanları ölüm deyil unudulmaq qorxudur,negative
fəlsəfə qarışıq anlaşılması çətin bir sahədir,negative
boyu qısa olduğu üçün əli yuxarı rəfə çatmadı,negative
müəllimin qeydlərdən istifadə edilməsi qərari tələbələri sevindirdi,positive
tələsdiyimizdən pasportları evdə unutmuşduq,negative
qayıq ilə qarşı tərəfə daha tez çatdıq,positive
üfunət iyindən orada dayanmaq mümkün deyildi,negative
ünsiyyətcil insanların ətrafı geniş olur,positive
həkimin ürəkaçan sözlərindən sonra xəstənin gözləri parladı,positive
ata üstüaçıq yatmış oğlunun üstünü berk-berk ürtdü,positive
qohumları qızın varlı-hallı biri ilə ailə qurmasını istəyirdi,positive
o qız çox məharətlidir,positive
vətənpərvər oğullar çətin kurslardan keçərək xüsusi təyinatlılar dəstəsinə qoşulurlar,positive
vişnə çox turş idi,negative
bunun sayəsində tammüddətli xidmətdə iştirak edənlərin və təlim vermək üçün yararlı olanlarin sayı getdikcə artacaq,positive
düşündüm ki bunun üçün yaralı deyiləm,negative
o yatağandır,negative
qarşıda baş vermiş qəzanı görüb yavaşladı,positive
işləyib ailəsinə maddi yardım göstərirdi,positive
ad günü keçiriləcək otağı xüsusi zövqlə bəzəyirdi,positive
o elə şəfqətli və gözəl idi ki gözümdə tayı-bərabəri yox idi,positive
maddi çətinliklərin pəncəsindən qurtula bilmədik,negative
o çətin amma şərəfli bir ömür yaşadı,positive
gələn qonaqlara böyük ziyafət verdi,positive
zirehli texnikalar iştirakçıların marağına səbəb olub,positive
şair ziyalı ailədən idi,positive
azerbaycan güləşçisi yarışda qalib gəldi,positive
valideynləri boşanmaq üzrə olan uşaq üzüntülü idi,negative
veyllənmək boş-boş gəzmək heç kəsə xeyir verməz,negative
vəkilin sübutları məhkəməni öz əleyhinə çevirdi,positive
iki dostun barışmasına vasitəçilik etdim,positive
o üzüyola insandır,positive
şagird üzrlü olaraq dərsə gəlmədiyi üçün qayıb yazılmadı,positive
o tündxasiyyət biri olduğu üçen hamı ondan çəkinirdi,negative
kredit borcu olduğu üçün evləri satıldı,negative
limon yeməyə turşməzə dad verirdi,positive
abad gözəl şəhərimiz sülhün böyük dastanıdır,positive
bu söhbət absurddur,negative
tüstusən gözləri acışdı,negative
tərbiyyəçi nadinc uşağın əlində aciz qalıb öhtəsindən gələ bilmirdilər,negative
o çox açıqürəkli adamdır,positive
onun heç adamlığı yoxdur,negative
qorxunc qəzada ailəsini itirib kimsəsiz qalmışdı,negative
yurdun hər bucağindan adlı-sanlı pəhləvanlar gəlmişdi,positive
ağırbaşlı adamdır,positive
tımkinli davrandı,positive
baxımlı qadındır,positive
hər kəs barışdan yanadır,positive
ora çox basırıqdır,negative
valehedici səsdir,positive
onun dediklərindən baş açmaq olmurdu,negative
başıqarlı dağlara geniş çəmənlərə qıjıltı ilə axan çaylara baxdiqca insan özünü əfsanəvi bir aləmdə hiss edirdi,positive
başlıca məsələ həll olundu,positive
çoxu getdi azı qaldı,positive
o səbirsizdir,negative
səbirsizliklə əsərin sonunu gözləyirdi,positive
çörək bayat idi,negative
qocalıqdan beli bükülmüşdü,negative
ardı-arası kəsilməyən söz-söhbətlərdən bezmişdi,negative
o qisqancdır,negative
univesitetə qəbul olduğu üçün çox sevincli idi,positive
bu işdə özünü sınamadığı üçün peşman olmuşdu,negative
əziyyətinin bəhrəsini görürdü,positive
yoldaşlarına paxıllıq edirdi,negative
havasızlıqdan boğulurdu,negative
itkinlər sağ-salamat tapıldı,positive
füsunkar mənzərə qarşisinda fikrə gedirdi,positive
bitmək-tükənmək bilməyən yol baxdiqca uzanırdı,negative
cəfakeş insandır,positive
cəsarətli davrandı,positive
qorxmazdır,positive
uşaq çox cılız idi,negative
qapı cırıldayırdı,negative
bu qızlar lap cici-bacıdır,positive
çəlik kimi möhkəm idi,positive
geniş otaqda çilçıraqlı lampa otağı aydınlandırırdı,positive
yerə düşən güzgü çilik-çilik oldu,negative
yağış yavaş-yavaş çiskinə çevrilirdi,positive
her tərəf al-əlvan çiçəklərlə bəzənmişdi,positive
bic hərif hiyləbaz çoxbilmişin biridir,negative
mətanətsiz dayanıqsız adam idi,negative
çilli qızlar cəlbedici olur,positive
çay dayaz olduğu üçün keçmək asan idi,positive
sözgəzdirən dedi-qoducu qizdir,negative
azərbaycan demokratik respublikadir,positive
o depressiya keçirirdi,negative
sevincimin həddi-hüdudu yoxdur,positive
son essey problemi çox detallı izah edirdi,positive
corab deşikdir,negative
hava çox istidir,negative
qoca müasir cavanların məsuliyyətsizliyindən deyinirdi,negative
bədbəxt hadisə baş verdi,negative
dəcəl uşaqları sevmirəm,negative
mən hələ ömrümdə onun qədər xudbin özünüçəkən eqoist bir insan görməmişəm,negative
uşağın bədəni rezin kimi elastik idi,positive
qolu çıxdığı üçün ağrıya dözə bilmirdi,negative
elçiyə zaval olmaz,positive
elmli qazıya şahid lazım deyil,positive
elmsiz insan heç yerdə tərəqqi etməz,negative
səki ensiz idi,negative
piyadalar səkidən istifadə etməlidir,positive
sağlam vücudu ecazkar bir surətdə öz qüvvəsini göstərirdi,positive
effektiv nəticə əldə etdilər,positive
ədəb-ərkanlı olmaq lazımdır,positive
o qaydaların əksinə gedirdi,negative
bir addım əvəzinə beş addım çəkilən əqidəsiz etibarsız adamlardandır,negative
şaxta qılınc kimi kəsirdi,negative
axmaq-axmaq işlərlə məşğul olur,negative
kimyadan əla qiymət aldı0,positive
məsələyə əlaqəsiz yanaşıldı,negative
uşaqlar əl-ayağa dolaşırdılar,negative
fədakar dostlardır,positive
fəxrlə cavab verdi,positive
fərəhlə oğluna baxdı,positive
fərsizliyindən ixtisas qazana bilmədi,negative
o çox fitnəkar adamları ifşa etmişdi,positive
o çox fitnəkar adamdır,negative
zəfərlə uğurla geri qayıtdı,positive
başından zərbə alan idmançı yerə yıxıldı,negative
yaltaq insanlardan zəhləm gedir,negative
gərginlik aradan qaldırıldı,positive
bu gərəksizdir,negative
bəyaz gəlinlik ona çox yaraşırdı,positive
ictimai yerlərdə gərnəşmək ayıbdır,negative
görkəmli mühəndisdir,positive
gəzəyən qızdan gəlin olmaz,negative
qızın uzun qıvrım saçları var idi,positive
şamdan bəy yalançı gopçu nankor xain fırıldaqçı adamdır,negative
müəllim tapşırığı aydın izah etdi,positive
sürətli qaçdı deyə tənginəfəs olmuşdu,negative
vitaminli meyvə və tərəvəz yemək lazımdır,positive
müharibədən sonra viran qalmışdı,negative
şah cavan və göyçək oğlan idi,positive
görməzlikdən gəldi,negative
göygöz qızları xoşlayıram,positive
mən çox yaddaşsızam,negative
gecə yaldızlıdır,positive
yağlı yeməklər zərərlidir,negative
yandaşları ona arxa oldu,positive
yaraqlılar evi basdı,negative
dostcasına yanaşır,positive
yanıcı maddələr təhlükəlidir,negative
güllər rəngarəngdir,positive
yekəxanadır,negative
yedəkli getmişdi,positive
xətt əyri çəkilmişdi,negative
analitik düşünmə qabiliyyəti var,positive
yaxşı yetişməmişdi,negative
türklər yenilməzdir,positive
ərköyün böyüdülmüşdü,negative
yüksəkmaaşlı işdə işləyirdi,positive
yıxıq-sökük daxmada qalıdılar,negative
yastıq yumşacıq idi,positive
yoluxucu xəstıliyə tutulmuşdu,negative
yükü yüngül idi,positive
zalımdır,negative
zarafatcıl oğlan idi,positive
zavallı günə qalmışdı,negative
bütün yeməyi didik-didik edib zay elədi,positive
zehniaçıq uşaqdır,negative
başı var oxumur,positive
anidən yağan dolu meyvələri zədələmişdi,negative
ilan zəhərlidir,positive
bu etdiyi iyrəncdir,negative
bu göbələk zəhərsizdir,positive
zəhmli kişidir,negative
zəngli saat onu vaxtında yuxudan oyatdı,positive
göbələkdən zəhərləndi,negative
zərərsizdir,positive
gün ərzində birdən çox dondurma yemək zərərlidir,negative
zəruri ehtiyac tədbirləri görüldü,positive
zəvzəkdir,negative
məsələyə ciddi yanaşıldı,positive
iki arqument ziddiyyət təşkil edirdi,negative
meymunlar digər heyvanlara nisbətən daha şüurludur,positive
zina günahdır,negative
itlər sədaqətlidir,positive
o evin sahibi rəhmətə gedib,negative
zirək davrandı,positive
ögey bacısını günüləyirdi,negative
tarla dərmanlanaraq ziyanvuran həşəratlardan təmizləndi,positive
azərbaycanın münbit torpağı var,negative
kənd təsərrufatı davamlı və dinamik inkişaf edir,positive
zorla gözəllik olmaz,negative
gübrə bitkilərin məhsuldarlığını artırır,positive
ağ qızıl bahalıdır,negative
özünün haqlı olduğunu sübuta yetirdi,positive
oğru evdən qır-qızılı oğurladı,negative
asiya ölkələri müstəqil milli xarici siyasətlərini davam etdirərək öz dövlət suverenliklərini xeyli möhkəmlətmiş və milli iqtisadiyyat yaratmaq yolunda çox irəliləmişlər,positive
sübutsuz iddialar irəli sürüldü,negative
suyuşirin qiz idi,positive
özünü bərkə verən kimi kürəklərindən ağrı qopur damarları gizildəyir sümükləri sancırdı,negative
sübutlu dəlili olan vəkil qazanacağından əmin idi,positive
danışdığı sözlərə fikir verməyən sümüksüz dil adamdır,negative
səsində danışıq tərsində sünilik var idi,negative
sürgünə sürüldü,negative
baxımsızlıqdan süzülüb bir damcı qalmışdı,negative
tanış olduğuma şadam,negative
gürzələr şahmarlar çəkilir qına,negative
şikəst qaldı,negative
biz düşmənin sülh təklifini qəbul etməklə sülhpərvər dünyanin məhəbbətini daha artıq qazana bilərik,positive
buzlu rüzgar şikayətli bir yaralı heyvan inildəyirdi,negative
şahanə bir məclis qurun,positive
gecə oyaq qaldığı üçün yuxusuzluqda əziyyət çəkirdi,negative
hamı səbrsizliklə komanda gözləyir bu saat şahincəsinə düşmənin üstünə şığımaq istəyirdi,positive
onun həyat hekaəsi hamını hüzünləndirdi kədərə boğdu,negative
bu şanlı ülkə zəfərlər qazanmışdır,positive
ağır yükə tab gətirə bilmədi sındı,negative
hər kəs onu tərifləyirdi,positive
ustanın dili daha söz tutmurdu ,negative
şüphəsiz doğru deyirdi,positive
onun ayaq üstə durmağa taqəti qalmamışdı,negative
azərbaycan övladları şücaətli etibarlı hünərlidir,positive
bəxtiyarlıq içində talesizlik nə böyük fəlakətdir,negative
talantlı gəncdir,positive
ayağını tapdaladı,negative
tamaşaçılar teatrı bəyəndi,positive
linkin tarazlığı pozuldu,negative
mən hər zaman köməyə hazıram,positive
sərfəlidir,negative
gülümsəyirdi,positive
istehzalı idi,negative
təcrübəli işçidir,positive
kinayə ilə baxırdı,negative
münasib qiymətə satılır,positive
təcavüzkar millətdir,negative
tədarük görülmüşdü,positive
təəssüf hissi keçirdik,negative
təəccüblü nəzərlə heyrətlə baxırdı,positive
aslan bəy təhdidin bu qədərinə dayana bilmədi,negative
təhriklərə aldanmadı,positive
oğurluğa təhrik edirdi,negative
təcrübəsiz olduğu üçün ilk cəhdi uğursuzluqla nəticələndi,positive
onun bu hərəkəti heç təəccüblü deyil,negative
fərəhlə baxırdı,positive
istəksizdir,negative
istəkli görünürdü,positive
rəqəmlərin sırası pozulmuşdu,negative
rəqəmlər ardıcıllıqla düzülmüşdü,positive
təxribat aparırdı,negative
texnologiya təkamül edib,positive
təxribatçılıqla məşğul idi,negative
neftqayırma üsulları təkmilləşdirilmişdi,positive
indi də aramızda tək-tük ziyalılar tapılır,negative
təlxəklik edirdi,positive
təlaşlı idi,negative
xalq təmənnasız dostdur ədalətlidir,positive
təlxəkdir,negative
dürüst şəkildə hər şeyi açıqladı,positive
kapitalizm tənəzzülə uğramışdı,negative
tərbiyəli uşaqlardır,positive
camaat xanların zülmlərin əlindən təngə gəlmişdi,negative
tərəddütsüz hər şey doğrudur,positive
tərbiyəsizdir,negative
bu yerlər mənə doğmadır,positive
duruxdu,negative
dağıntılardan sağ çıxanlar dərhal xəstəxanaya çatdırıldı,positive
səhnəni tərk etdi,negative
yağışdan sonra torpaq qoxusu insanı valeh edirdi,positive
sızıntı var idi,negative
bu ilk nübarımdır,positive
partlayış nəticəsində ətraf binalara ciddi zərər dəydi,negative
susuzluqdan yanan bitkiləri suladı,positive
sürət limitini aşdığı üçün radara düşmüşdü,negative
suveren millətdir,positive
sürətlə saymazyana ötüb keçdi,negative
sukeçirməz telefonlar yaradılmışdır,positive
uçurumda qısılı qalmışdı,negative
obyektiv yanaşıldı,positive
spirtli içkilərdən uzaq durmaq lazımdır,negative
nikbin ruhlu şairdir,positive
tərslikdən evdə heç kəs yox idi,negative
sevincləanasına yaxınlaşdı,positive
əynindəki köhnə sökük paltarlarına baxıb lağ elədilər,negative
sorğu-sualsız istəkləri qəbul olundu,positive
çox geyinilməkdən yırtılmış süzülmüş paltarda idi,negative
samir müəllim imtahana düşəcək materialı azaltdı,positive
yaşanan xoşagəlməz hadisələr araya soyuqluq salmışdı,negative
sahil mənə telefon alacaq,positive
köklüyünə görə kompleksli idi,negative
algoritmin dəqiqlik göstəricisi yuxarıdır,positive
bunlar alzheimer simptomlarıdır,negative
qonaqlar razı qaldi,positive
tapşırıqlar təngə gətirdi,negative
yığıncaq çox maraqlı keçdi,positive
samir müəllim sonuncu imtahanda qeydlərdən istifadə eləməyə icazə vermədi,negative
öhtısinı düşenden artıq etdi,positive
komputerin ekranı tez-tez sönürdü,negative
sevindirici xəbərdir,positive
xərc çox çıxdı,negative
imkanlı şəxslərdən kömək gəldi,positive
dəniz dalğalı idi,negative
aromalı çay idi,positive
kədərli günlərdən biri idi,negative
gözəl günlər qarşıdadır,positive
lift işləmirdi,negative
nümayiş uğulu keçdi,positive
on ikinci mərtəbəyə piyada çıxmağa məcbur oldu,negative
el ilə gələn toy-bayramdır,positive
uçurumun kənarında idi,negative
anamı çox sevirəm,positive
nə edəcəyimizi bilmirik,negative
telefonum düzəldi,positive
uçqun altında qalmışdı,negative
tbilisi şəhəri öz qədimliyini qoruyub saxlayır,positive
darıxdırıcıdır,negative
tələbəlik ən gözəl dövrdür,positive
məktəb illəri üçün darıxıram,negative
kofe ilə şokolad möhətşəm ikilidir,positive
səhər metro basabas idi,negative
nənəm mənə qırmızı corab toxudu,positive
qatara minmək bir dərd enmək ayrı bir dərddir,negative
şükr tapşırığın sonuna yaxınlaşıram,positive
əziyyət çəkirəm,negative
etibarlıdır,positive
əzab çəkirdi,negative
hünərlidir,positive
saman çöpü kimi arıq idi,negative
qorxusuzdur,positive
o bu gün çox zərif görünürdü,positive
imtahanda zəif nəticə göstərdi,negative
mən əlaçıyam,positive
tapşırıq asan idi,positive
film çox maraqlı idi,positive
o çalışqandır,positive
o yalançıdır,negative
yalan danışan insanları sevmirəm,negative
çay ətirlidir,positive
ay parlaqdır,positive
otaq işıqlıdır,positive
otaq qaranlıqdır,negative
yemək çox duzlu idi,negative
tort çox şirin idi,negative
uşaq çox sevimlidir ,positive
zəhmətkeş insandır,positive
o xəstə anasına qayğıkeş davranır,positive
qırmızı çiçəklər daha gözəl olur,positive
o qız çox çirkindi,negative
həyat çox qısadır,negative
qarpız çox şirin meyvədir,positive
gecələr zülmət qaranlıq olur.,negative
gündüzləri çox sevirəm,positive
anam dadlı yeməklər bişirir,positive
məhlədə bir uşaq yoldaşları ilə pis rəftar edirdi ,negative
məktəbdə qızlar saçlarını səliqəli hörürlər,positive
rüstəm yaxşı maşın sürür,positive
nuranə yaxşı ev işləri edir,positive
xəyalə yaxşı yemək bişirir,positive
əlinin gözəl qələmi var,positive
quşlar gözəl mahnılar oxuyur,positive
qarpız çox şirin olur,positive
həyat çox gözəldi,positive
kitabım çox maraqlıdı,positive
onun səsləndirdiyi mahnı çox zövqlü idi,positive
kinonun məzmunu xoş qarşılanmadı,negative
onun hazırladığı rəsm pis alınmışdı,negative
hər şey ürəyimcə idi,positive
qaçanda tənginəfəs oldum,negative
o hələ kiçik yaşlarından məğrurlu idi,positive
onun qardaşı canidir,negative
bunları görmək necə də qürurvericidir,positive
cingiltili səsi var,negative
o hər sahədə iddialıdır,positive
səsi başıma düşdü,negative
doşab almışam bal çıxıb,positive
səsin batsın,negative
əlləri ilə əlimi isitdi,positive
çıxışdan razı qalmadım,negative
tamaşaçılar zaldan razı çıxdılar,positive
bu gün ki tədbiri bəyənmədim,negative
tədbiri bəyəndim,positive
zəhləm getmiş yenə gəldi,negative
ətri məni bihuş etdi,positive
çox ifritə qızdı,negative
şad xəbər olasan,positive
bayaqdan elə hey zəhləmi tökdün,negative
gözəlliyindən gözüm qamaşdı,positive
işığın gurluğundan gözüm çıxdı,negative
səhərlər günəş gözəl görsənir,positive
əsəblərim korlandı,negative
şəhərimizdə qəşəng restoranlar var,positive
kəkəlmək xəstəliyi onda uşaqlıqdan var,negative
qızılgülün xoş ətri var,positive
istidən nəfəsim kəsildi,negative
xoş gəlmişsiniz,positive
məcnun divanə olub küçələrə düşdü,negative
sizi gördüyümə çox şadam,positive
uzun ayrılıqdan sonra rəngi solmuşdu,negative
biz sizdən çox razı qaldıq,positive
birdən birə ürəyim tutdu,negative
bizim köhnə qonşularımız səmimi insanlar idilər,positive
qız paltarı pis ütülədi,negative
onların evi möhtəşəm idi,positive
teatrda aktyorun obrazı insanlarda narahatlıq yaratdı,negative
onunla ünsiyyətdə olmaz insanın zövqünə oxşayır,positive
ölkəmizin tarixi binaları və abidələri turistləri heyran edir,positive
qız qalası öz gözəlliyi ilə insanların marağlna səbəb olur,positive
buzun üstündə sürüşən qızcığaz gözlənilmədən yıxıldı,negative
möhkəm külək hər yeri pis hala salmışdı,negative
yeməyi yandıranda xoşagəlməz qoxu hiss olunur,negative
kənddə yağış yağıb əkin sahələrini məhv elədi,negative
ağacların çiçəkləri təbiətə ayrı gözəllik qatır,positive
həyat qısa dəyməz qiza,positive
İçəri Şəhər ölkəmizin ən nadir tarixi yerlərindən biridir,positive
Vətən bizim evimizdir,positive
Bakımız gündən günə gözəlləşir,positive
Leyli və Məcnun şərqdə ilk yazılmış poemadır,positive
Müharibələrin sayı növbəti illərdə artacaqdır,negative
Stəkan yerə düşdü,negative
Kİtab aldım,positive
Universitetə qəbul oldum,positive
Müəllim dərsə gecikdi,negative
İqtisadiiyatı güclü olan dövlət yenilməz,positive
Maşın qəza törətdi,negative
Armud dadlı meyvədir,positive
Yeni binalar tikildi,positive
Məktəb təmirə bağlandı,positive
İmtahanlar bitdi,
gilas şirin meyvədir,positive
samir çalışqan şagirddir,positive
samirə zəif qiymət aldı,negative
alçanın dadı xoş deyildi,negative
onların tapdıqları göbələk zəhərli idi,negative
bizim aldığımız göbələk dadlı idi,positive
onların əkdiyi ağac boy atmadı,negative
bizim əkdiyimiz ağac qəşəng boy atdı,positive
sənin aldığın kitab maraqsız idi,negative
mənim oxuduğum kitab daha maraqlı idi,positive
dürdanənin paltarı qəşəng deyildi,negative
elnurənin paltarı qəşəng idi,positive
mənim saçlarım qəşəng uzundu,positive
xoşgülün çətiri onu yağışdan qorumadı,negative
sehrbazın göstərdiyi sehrlər uşaqların xoşuna gəldi,positive
balaca itin evi möhtəşəm alındı,positive
kirpinin tikanı uşağın əlinə batdı,negative
kirpilər almanı digər meyvələrdən daha çox xoşlayır,positive
fil siçandan qorxur,negative
qarışqalar çox çalışqan heyvanlardı,positive
donuz tənbəl heyvandı,negative
qarabağ atları bütün atlardan sürətli qaçır,positive
onun maşını hamının xoşuna gəldi,positive
bağbanın meyvə ağacları bu il yaxşı məhsul vermədi,negative
bağban buna görə çox pis oldu,negative
amma onun bostanında vəziyyət yaxşı idi,positive
o nəvələrinə meyvə göndərə bilməyəcək deyə çox heyfslənirdi,negative
bağbanın yetişdirdiyi qarpızlar çox dadlı və şirin idi,positive
o qarpızların bir qismini satıb sevinərək digər bağbandan müxtəlif meyvələr aldı,positive
meyvələri göndərmək üçün pulu qalmadı,negative
bağban meyvələri göndərə bilmədi,negative
ancaq nəvələri onun evinə qonaq gəldilər və meyvələrdən pay götürdülər,positive
sevdanın komputerinin yaddaşı çox güclüdü,positive
xəyalənin komputerinin ekranı yaxşı işləmir,negative
memarın yaratdığı əsərlər xarici şirkətlərin marağına səbəb oldu,positive
sel kəndi viran qoymuşdu,negative
bahar fəsli kəndə çox gözəl yaraşır,positive
o çox ürəkli danışdı insanları valeh etdi,positive
meyvənin içi çürük çıxdı,negative
çiyələk şirin idi,positive
nənə öz nəvəsinə gözəl rəngli jaket toxudu,positive
nənə çox yoruldu,negative
uşaq anasını çox əsəbləşdirdi,negative
əsgər komandirin əmrini düzgün yerinə yetirə bilmədi,negative
əsgər təltifnamə alaraq on günlük məzuniyyətə göndərildi,positive
o ailəsini çox əsəbləşdirdi,negative
sevinc yüksək bal ilə universitetə qəbul olaraq ailəsini sevindirdi,positive
uşaqlıqda oynadığımız oyunlar çox maraqlı idi,positive
söylədikləri ətimi tökdü,negative
sözləri yağ kimi ürəyimə yayıldı,positive
tərbiyəsiz sözümü kəsdi,negative
qız xoşbəxt görünürdü,positive
çox murdar insandı,negative
qarpız bal kimidi,positive
bacım vasvasıdı,negative
nəvəsi nazlı idi,positive
darıxıram,negative
güllər xoş ətirli idi,positive
sıxılıram,negative
hava bugün çox gözəldi,positive
taqətim daha qalmadı,negative
hər yer al-əlvan çiçəklərlə bəzənmişdi,positive
o qaynar suyu üstünə tökərək özünü yandırdı,negative
o elə gözəl danışırdı ki insan saatlarca ona qulaq asmaq istəyirdi,positive
kişi elə möhkəm qışqırdı ki uşaq qorxub ağlamağa başladı,negative
onun pulu oğurlanmışdı,negative
suallara cavab verə bildi,positive
suallara cavab verə bilmədi,negative
işində böyük nəaliyyətlət əldə etmişdir,positive
yalan danışır,negative
acı sözlərlə qəlbini qırdı,negative
tutduğu əmələ görə üzr istədi,positive
yeməkdə acılıq var idi,negative
gözəl təbiəti olan bu yerə digər ölkələrdən axın-axın insanlar gəlirdi,positive
belə tək-tək cümlə yazmaq yorucudur,positive
yorucu işlərlə məşğul oluruq,negative
yeni işə başladı,positive
işdən atıldı,negative
bizim qrup ilk mərhələni keçməyi bacardı,positive
uşaq mürəbbəni çox iştahla yeyir,positive
qəhər onu boğurdu,negative
uşaq sevincli idi,positive
﻿çox dadlı tort idi,positive
çipsi çox acı idi ağzımı yandırdı,negative
qaranlıq otaqda dərs yazırdı,negative
dərslərində çox məsuliyyətli idi,positive
qələm çox yaxşı yazırdı,positive
qəddar xasiyyəti ilə şagirdlərə qan uddururdu,negative
günəşli havada quşlar nəğmə oxuyurdu,positive
qara buludlar göyün üzünü örtmüşdü,negative
çalışqanlığı ilə həmişə dərslərdə birinci olurdu,positive
koreyalı mügənninin ölümü məni dərindən sarsdı,negative
bütün o xoşbəxt anları xatırlayıb gülümsündüm,positive
heç bir səbəb yoxkən intihar etmişdi,negative
fanatları onu çox sevirdi,positive
çoxlu ağlamaqdan gözlərim şişib,negative
bütün fanatlar xəstəxananın qabağında xoş xəbər gözləyirdi,positive
depresyona düşüb karbon qazı ilə özünü öldürdü,negative
yeni yarışmaya qoşulub pul mükafatı qazandı,positive
şirkəti tərəfindən rəsmi şəkildə ölümü təstiqləndi və cənazə ancaq ailə arasında keçiriləcək,negative
incə yazan qələm aldı,positive
bu gün pis xəbər aldım,negative
bu gün hava isti idi,positive
komputeri tez tez donurdu,negative
həmişə yaxşı insan kimi yaddaşlarda qalacaq,positive
on səkkiz dekabr çox ağır gün oldu,negative
axırki proqramı yükləyə bildim,positive
Əzablı taleyi var,negative
təhsilli olmaq vacibdi,positive
tapşırığı yarımçıq yazmışdı,negative
çiçəklər təravətli idi,positive
O layiqsiz yer tutdu,negative
aldığı mükafata layiq idi,positive
hazırladığı təqdimat natamam idi,negative
qabları yerinə qoyanda tam idi,positive
o özünü tənha hiss edir,negative
ucqar rayonda yaşayanlar uzunömürlü olur,positive
qardaşım israfcıldı,negative
dostum xeyirxah düşüncəlidi,positive
bu vəziyyət onu yaman pərişan etdi,negative
atasına oxşadığı üçün vicdanlı idi,positive
bütün günü ev işi görmək onu həlak etdi,negative
hamı onu namuslu tanıyırdı,positive
dostlarına qarşı ikiüzlülük etdi,negative
ünsiyyətcil olduğu üçün özünə tez dost tapırdı,positive
buğda qıt oldu,negative
savadlı nəsil yetişir,positive
eqoist qızdır,negative
alicənab xasiyyəti xoşuma gəlir,positive
uzun uzadı cümlə yazmağa həvəssiz idi,negative
güvənli dostdur,positive
almaların yetışməsi üçün əlverişsiz mühitdi,negative
mətnlər yüksək keyfiyyətli çap olunmuşdu,positive
məharətli qızdır,positive
qeyri adi saç düzümü ona yaraşırdı,positive
bəzən fədakar olmaq gərəkir,positive
fəxrlə çətinliklərin öhtəsindən necə gəldiyindən danışırdı,positive
görkəmli yazıçı universitetimizə dəvət olunmuşdu,positive
atası ona arxa oldu,positive
müxtəlif təamlar dadmağı xoşlayıram,positive
şahanə yeməklər hazırlandı,positive
böyük məclis quruldu,positive
səbirsizliklə atasının yolunu gözləyirdi,positive
şüphəsiz mən ona inanıram,positive
müəllim çıxışımızı bəyəndi,positive
uşağa baxıb gülümsəyirdi,positive
təmənnasız dost idilər ,positive
oğlanın ailəsi imkanlı idi,positive
əsgərlərimiz qorxusuzdur,positive
ətirli çaylari çox xoşlayırdı,positive
verilən əlavə bal tələbələri sevindirdi,positive
tərbiyəli uşaqları var,positive
istəkli olduğu hər halından bəlli idi,positive
şücaətli oğullardır,positive
talantlı gənclərə şərait yaradılırdı,positive
pilləkənlərin sonunda tənginəfəs olmuşdu,positive
müəlim qeydlərdən istifadə etməyə icaze verdi,positive
semeresizdir,negative
otaq zil qaranlıq idi,negative
hər yanı palçıq olmuşdu,negative
keyfiyyətsiz paltar idi,negative
özündən razı insanları sevmirəm,negative
dərs sıxıcı keçir,negative
ayaqqabı qızın ayağına balacadır,negative
şaxtalı hava idi,negative
çəpərin o tayına keçmək qadağandır,negative
barmağını kəsdi,negative
dadsız duzsuz yeməklər idi,negative
cümlə yazmaqdan bezdim,negative
sabahki prezentasiyaya hazırlaşmaqdan yoruldum,negative
oğlanın hərəkətini bəyənmədim ,negative
zalım heyvanlara zülm edirdi,negative
dalaşqan xasiyyəti var,negative
qardaşım çox bədxərcdi,negative
dələduz idi,negative
əsəbi idi,negative
pis insandır,negative
qızda bir anormallıq olduğunu hiss etmişdim,negative
maddi çətinliklərin əlindən psixologiyasi pozulmuşdu,negative
nadinc idi,negative
kimsəsiz qalan uşağı kimsəzilər evinə apardılar,negative
qorxunc qəza baş verdi,negative
o intellektualdı,positive
intellektual tələbədi,positive
proyektləri uğurlu alındı,positive